{"W1":{"v":1,"dim":[20,4],"data":[0.45315454396047256,-1.925216731992176,-0.6376468035519032,-0.6371238848460088,-4.969653234448021,-1.410532535699569,-7.598254615151458,2.6847860391325553,0.882354503994426,0.09844586227762353,0.7122589995717228,1.057627737060616,0.4386764848631228,-1.8214958651115742,-0.5639955601882211,-0.6327809467841924,0.4896874402424868,0.7236633572976773,0.27374401791196645,-1.419517661907735,-3.8345789564479253,0.24286289390446417,-1.8888899927959388,3.38799104476926,0.4307112288467317,-1.5089125532757781,-0.33009854157280144,-0.6154937293030138,0.6137594765965707,-1.3769513081497364,-0.17350645221633787,-0.6583437187439378,1.9677329679216533,0.6854887739536626,0.7237690814227536,-0.5195977560221158,-0.39609369241796094,-0.5144806689359256,-0.1242138375140803,-0.6410363529907199,6.6589508940546,2.5846283481701438,1.9210051700655697,-0.14098800079074617,0.9234745296545958,6.760625339647169,3.3770877242172506,-0.2728416745111205,-1.2152410667792397,-1.644643243330315,-0.6841731531972434,-0.26961478499462194,3.874841126156306,0.8208912763133518,-2.0861870789149717,1.478849893828816,1.1073343006863696,1.4794383452487079,1.933338420209076,0.7468332385737909,0.7006425798265848,-1.1576594615272315,0.0233199305203688,-0.6669247269987724,-0.5324178897892119,0.528538964197085,-0.4118042295654059,0.5298379683785467,0.2053682285242675,-1.2040413787597035,0.6235823351562798,0.1889541803430636,-0.7163988365372019,0.2651389813722849,-0.6799494195005202,0.5334991554934824,-0.41555356491895185,-0.5557849299501919,-0.21588115569517183,1.0544648892111257]},"W2":{"v":1,"dim":[1,20],"data":[-4.404872871975632,7.816678474970383,7.704922248016051,-4.414506353051016,-12.817302243198132,-4.201785311177638,-6.571655023206977,-4.4818847621995515,-9.5409323516229,4.608051976647112,5.517915703775575,-8.941190929472324,-4.320023045050642,-5.773269860655822,-3.640315893170409,-4.53208053944685,4.682284076629133,1.917542368652137,6.362815972313497,7.411212909619791]}}