{
  "W1": {
    "v": 1,
    "dim": [
      20,
      4
    ],
    "data": [
      3.6477672745380505,
      -0.2608488999434561,
      1.7274499559637622,
      -3.1859343394324138,
      -0.34216082155782834,
      1.7074320775737875,
      0.4715275533430052,
      0.684060853612803,
      -0.514279155410865,
      1.103916707008429,
      -0.015744204317157923,
      0.6636114963344572,
      -1.273414851427606,
      -0.7905675296259499,
      -0.3848051225857931,
      -0.7087760671440153,
      2.6192771811772335,
      0.6399015512885571,
      -1.4401565650830064,
      -0.670721594693085,
      0.0444331293290784,
      -0.24987370099895947,
      0.013815269865209437,
      -0.584394487284999,
      4.696038233866681,
      1.0361671710655262,
      -2.185352917060319,
      1.9057142405375498,
      -0.3642616318684318,
      1.538613910316573,
      0.329405966413481,
      0.6767100473388632,
      0.7422899421102532,
      -0.5457611375120485,
      0.5554284527878778,
      -0.6637080468330194,
      -6.584966998802992,
      -3.0914625783317162,
      -2.1774254140130798,
      -0.0829943800984775,
      0.5104530751101001,
      0.6575090206475497,
      0.3158112831489926,
      -1.2793644017257506,
      -0.34740201499863865,
      1.7331523224462333,
      0.49235768920859124,
      0.6869930242821758,
      -1.8430008185476732,
      -0.6180331109316504,
      -0.7098501969935023,
      0.5592556730549187,
      0.44292628930774014,
      1.441341383587473,
      -0.5375555887680555,
      -0.008571991752516812,
      -0.6752025041216647,
      0.5440471996605796,
      -0.5331427782524083,
      0.6457434962059835,
      0.3409382501969327,
      -0.21367563928264793,
      0.24293198308208558,
      1.097891962339159,
      0.9525266598025309,
      5.797533606103429,
      2.939893774207242,
      -0.55571640623133,
      -4.360560738353535,
      -1.230700477497544,
      -7.495851314915565,
      2.820586189874437,
      -0.3434820197075759,
      1.7108010805930685,
      0.47422764824259417,
      0.6845947042048192,
      -1.5533548097580467,
      1.372583942979788,
      1.6876685218812135,
      0.35350650172539844
    ]
  },
  "W2": {
    "v": 1,
    "dim": [
      1,
      20
    ],
    "data": [
      3.7576269252581294,
      4.59551241321807,
      3.5549709646665764,
      5.19362412389288,
      -4.143193049601698,
      2.9265870489368426,
      -5.283134084932985,
      5.920662570929474,
      -6.791241635626116,
      -6.624272560289997,
      -13.149073951705361,
      4.187357710091237,
      8.950688764639171,
      -1.1156058490253868,
      7.423848593490118,
      10.44683441607524,
      -7.995951493082691,
      8.286771803518487,
      4.521027185671134,
      -4.57018481285943
    ]
  }
}