{
  "W1": {
    "v": 1,
    "dim": [
      10,
      2
    ],
    "data": [
      -1.7922694857347756,
      -1.8064765257156494,
      0.906350842591259,
      -0.15991658119800914,
      -1.5527547758928597,
      -1.5555554427870757,
      -1.428738310877666,
      -1.444402071179864,
      4.172440030978869,
      -1.903109202571424,
      -2.0202059952777236,
      4.375109000553372,
      -1.2183933668693547,
      -1.2385238246965231,
      0.26441307770051375,
      0.06807134048615637,
      0.15389186618145254,
      -0.02093705629464468,
      -0.26397842937852095,
      -0.08244499633700757
    ]
  },
  "W2": {
    "v": 1,
    "dim": [
      1,
      10
    ],
    "data": [
      -2.5274011312907785,
      -1.1318833369817423,
      -1.8742821092426054,
      -1.6229332681940254,
      -6.343610097786261,
      -6.925251964827469,
      -1.242898989545288,
      -0.5280446137077175,
      -0.5846253697235474,
      0.4815885116093898
    ]
  }
}