{"w1":{"NDArray":{"v":1,"dim":[10,2],"data":[-0.06836803,0.02157288,0.79296416,-0.6743544,-0.66108483,-0.58780265,0.33401087,0.57988596,0.34398463,0.2344166,0.72426826,-0.79929805,0.7502217,0.6747738,0.566455,-0.5099105,-0.9438565,0.9506389,0.31236726,0.24161199]}},"b2":{"NDArray":{"v":1,"dim":[1,1],"data":[-0.039153587]}},"w2":{"NDArray":{"v":1,"dim":[1,10],"data":[-0.048038427,0.41668934,0.26775986,0.04393852,-0.22123013,0.26098073,-0.22552957,0.5100888,0.25911435,0.13884963]}},"b1":{"NDArray":{"v":1,"dim":[10,1],"data":[0.021967553,0.021967553,0.021967553,0.021967553,0.021967553,0.021967553,0.021967553,0.021967553,0.021967553,0.021967553]}}}